{"layout":[{"id":2002,"position":{"x":6.329999923706055,"y":3.0199999809265138,"z":0.0},"rotation":{"x":0.0,"y":0.0,"z":0.48401933908462527,"w":0.8750573396682739}},{"id":2001,"position":{"x":-4.619999885559082,"y":-3.380000114440918,"z":0.0},"rotation":{"x":0.0,"y":0.0,"z":0.0,"w":1.0}},{"id":2003,"position":{"x":3.190000057220459,"y":-3.690000057220459,"z":0.0},"rotation":{"x":0.0,"y":0.0,"z":0.0,"w":1.0}}],"upgrades":[],"goldMiningStarted":0,"goldMiningLimit":4000,"omoniumVeinsMax":3,"omoniumVeinsLeft":3,"availableDefenses":[2001,2002,2003],"bundleName":"base_player1","omoniumMiningStarted":0}