{"layout":[{"id":2002,"position":{"x":4.71999979019165,"y":-1.899999976158142,"z":0.0},"rotation":{"x":0.0,"y":0.0,"z":-0.27112865447998049,"w":0.9625431895256043}},{"id":2003,"position":{"x":-7.489999771118164,"y":1.0399999618530274,"z":0.0},"rotation":{"x":0.0,"y":0.0,"z":0.0,"w":1.0}},{"id":2001,"position":{"x":1.4988049268722535,"y":2.9026718139648439,"z":0.0},"rotation":{"x":0.0,"y":0.0,"z":0.0,"w":1.0}}],"upgrades":[],"goldMiningStarted":0,"goldMiningLimit":4000,"omoniumVeinsMax":3,"omoniumVeinsLeft":3,"availableDefenses":[2001,2002,2003],"bundleName":"base_player1","omoniumMiningStarted":0}