{"layout":[{"id":2002,"position":{"x":-6.940000057220459,"y":-0.07999999821186066,"z":0.0},"rotation":{"x":0.0,"y":0.0,"z":0.9992936849594116,"w":0.03757888823747635}},{"id":2001,"position":{"x":-4.619999885559082,"y":-3.380000114440918,"z":0.0},"rotation":{"x":0.0,"y":0.0,"z":0.0,"w":1.0}},{"id":2003,"position":{"x":5.340000152587891,"y":1.3700000047683716,"z":0.0},"rotation":{"x":0.0,"y":0.0,"z":0.0,"w":1.0}}],"upgrades":[],"goldMiningStarted":0,"goldMiningLimit":4000,"omoniumVeinsMax":3,"omoniumVeinsLeft":3,"availableDefenses":[2001,2002,2003],"bundleName":"base_player1","omoniumMiningStarted":0}