{"layout":[{"id":2002,"position":{"x":3.819999933242798,"y":-2.4700000286102297,"z":0.0},"rotation":{"x":0.0,"y":0.0,"z":0.22807562351226808,"w":-0.97364342212677}},{"id":2001,"position":{"x":1.4800000190734864,"y":2.930000066757202,"z":0.0},"rotation":{"x":0.0,"y":0.0,"z":0.0,"w":1.0}},{"id":2003,"position":{"x":-7.739999771118164,"y":-0.07999999821186066,"z":0.0},"rotation":{"x":0.0,"y":0.0,"z":0.0,"w":1.0}},{"id":75,"position":{"x":-8.710000038146973,"y":2.869999885559082,"z":21.74236488342285},"rotation":{"x":0.0,"y":0.0,"z":0.6051704287528992,"w":0.7960959076881409}}],"upgrades":[],"goldMiningStarted":0,"goldMiningLimit":4000,"omoniumVeinsMax":3,"omoniumVeinsLeft":3,"availableDefenses":[2001,2002,2003],"bundleName":"base_player1","omoniumMiningStarted":0}